Title,Meal,Cuisine,Food,Area,Price,Occasion,Been,Note,Mon,Tue,Wed,Thu,Fri,Sat,Sun,Photo,URL
Lookout Noodle,Lunch; Dinner,Chinese,Noodles,Tsim Sha Tsui,$$,,,,12:00–21:00,12:00–21:00,12:00–21:00,12:00–21:00,12:00–21:00,12:00–21:00,Closed,photos/lookout.jpg,https://www.google.com/maps/place/Lookout+Noodle/data=!4m2!3m1!1s0x340401c9d6a501f3:0xf91e146f174129cf
Cleo's,Light; Lunch; Dinner,Western; Cafe,,Sheung Wan,$$$,,,,09:30–17:00,Closed,Closed,09:30–17:00,09:30–17:00,09:30–17:00,09:30–17:00,photos/cleo's.jpg,https://www.google.com/maps/place/Cleo's/data=!4m2!3m1!1s0x3404011febf4a7f1:0x7cab4b04efa0c377
aera,Lunch; Dinner,Western; Fine Dining,,Central,$$$$$,Date; Celebration,,,18:00–22:30,18:00–22:30,12:00–15:00;18:00–22:30,12:00–15:00;18:00–22:30,12:00–15:00;18:00–22:30,12:00–15:00;18:00–22:30,Closed,photos/aera.jpg,https://www.google.com/maps/place/aera/data=!4m2!3m1!1s0x340401bf6b42691f:0x94286d2b9b3259c6
629 Egg Waffle,Light,Street Food,雞蛋仔,San Po Kong,$,,,,12:00–19:00,12:00–19:00,12:00–19:00,12:00–19:00,12:00–19:00,12:00–19:00,Closed,photos/629-egg-waffle.jpg,https://www.google.com/maps/place/629+Egg+Waffle/data=!4m2!3m1!1s0x340406d12e5bcc1f:0xd0201be90a7fd945
The Spoon Focaccia,Lunch; Dinner,Italian,Focaccia,temp,$$,,,,10:00–21:30,10:00–21:30,10:00–21:30,10:00–21:30,10:00–21:30,10:00–21:30,10:00–21:30,photos/the-spoon.jpg,https://www.google.com/maps/place/The+Spoon+Focaccia/data=!4m2!3m1!1s0x340401007f8c0adb:0xf94c361fc5b45933
Chew Chew,Lunch; Dinner,Japanese,,temp,,,,,Closed,18:00–22:00,18:00–22:00,18:00–22:00,11:30–16:00;18:00–22:00,11:30–16:00;18:00–22:00,11:30–16:00;18:00–22:00,photos/chew-chew.jpg,https://www.google.com/maps/place/Chew+Chew/data=!4m2!3m1!1s0x340401c5f32c8315:0xa27a331e32f5d8e2
Comptoir,Lunch; Dinner,French; Wine Bar,,temp,,,,,11:30–23:00,11:30–23:00,11:30–23:00,11:30–23:00,11:30–23:00,11:30–23:00,11:30–23:00,photos/comptoir.jpg,https://www.google.com/maps/place/Comptoir/data=!4m2!3m1!1s0x3403ff90b1795c07:0xd5c18206bbda4465
Jejusic,Lunch; Dinner,Korean,,Central,,,,,11:30–15:00;17:00–23:30,11:30–15:00;17:00–23:30,11:30–15:00;17:00–23:30,11:30–15:00;17:00–23:30,11:30–15:00;17:00–23:30,11:30–15:00;17:00–23:30,11:30–15:00;17:00–23:30,photos/jejusic.jpg,https://www.google.com/maps/place/Jejusic/data=!4m2!3m1!1s0x340401002d90aec9:0xaf765104fa9cb0a
All about NUTS,Lunch; Dinner; Light,Cafe,,To Kwa Wan,,,,,12:00–20:00,Closed,Closed,Closed,12:00–20:00,12:00–20:00,12:00–20:00,photos/all-about-nuts.jpg,https://www.google.com/maps/place/All+about+NUTS/data=!4m2!3m1!1s0x3404010034005215:0xa5786ede77a97d7b
知延食堂,Lunch; Dinner,Japanese,,Tsim Sha Tsui,,,,,11:30–21:30,11:30–21:30,11:30–21:30,11:30–21:30,11:30–21:30,11:30–21:30,11:30–21:30,photos/chi-yin-shokudo.jpg,https://www.google.com/maps/place/%E7%9F%A5%E5%BB%B6%E9%A3%9F%E5%A0%82+Chi+Yin+Shokudo/data=!4m2!3m1!1s0x340401df38e96beb:0x514ef200ea8a0627
BÀRBAR,Lunch; Dinner,Spanish,,Wan Chai,,,,,12:00–15:00;18:00–23:00,12:00–15:00;18:00–23:00,12:00–15:00;18:00–23:00,12:00–15:00;18:00–23:00,12:00–15:00;18:00–23:00,12:00–23:00,12:00–23:00,photos/barbar.jpg,https://www.google.com/maps/place/B%C3%80RBAR/data=!4m2!3m1!1s0x3404018bdc00ab59:0x8e38bb92321be7e1
ThongSmith Hong Kong,Lunch; Dinner,Thai,,Wan Chai,,,,,11:30–15:00;18:00–21:30,11:30–15:00;18:00–21:30,11:30–15:00;18:00–21:30,11:30–15:00;18:00–21:30,11:30–15:00;18:00–21:30,11:30–21:30,11:30–21:30,photos/thong-smith.jpg,https://www.google.com/maps/place/ThongSmith+Hong+Kong/data=!4m2!3m1!1s0x340401dcd24e9219:0xd4ccf527ae05285
金氏炒碼麵 짬뽕짬뽕,Lunch; Dinner,Korean,Noodles,Central,,,,,11:30–22:00,11:30–22:00,11:30–22:00,11:30–22:00,11:30–22:00,11:30–22:00,11:30–22:00,photos/jjamppong-jjamppong.jpg,https://www.google.com/maps/place/%E9%87%91%E6%B0%8F%E7%82%92%E7%A2%BC%E9%BA%B5+%EC%A7%AC%EB%BD%95%EC%A7%AC%EB%BD%95/data=!4m2!3m1!1s0x340401003b0804c1:0xb8a25ec6ad81e663
TABIÀ,Lunch; Dinner,Italian,,Mid-Levels,,,,,Closed,12:00–15:00;18:00–22:00,12:00–15:00;18:00–22:00,12:00–15:00;18:00–22:00,12:00–15:00;18:00–22:00,12:00–15:00;18:00–22:00,12:00–15:00;18:00–22:00,photos/tabia.jpg,https://www.google.com/maps/place/TABI%C3%80/data=!4m2!3m1!1s0x3404007bab371911:0x737b8175ee0896ce
坐忘 Camper's,Lunch; Dinner,Japanese,,Quarry Bay,,,,,11:30–15:00;18:00–22:00,11:30–15:00;18:00–22:00,11:30–15:00;18:00–22:00,11:30–15:00;18:00–22:00,11:30–15:00;18:00–22:00,11:30–15:00;18:00–22:00,11:30–15:00;18:00–22:00,photos/camper's.jpg,https://www.google.com/maps/place/Camper's/data=!4m2!3m1!1s0x3404010c6dbcc057:0x11e91e918720acc0
금성 金星,Lunch; Dinner,Korean,,Sheung Wan,,,,,,,,,,,,,https://www.google.com/maps/place/%EA%B8%88%EC%84%B1(%ED%95%9C%EC%8B%9D)/data=!4m2!3m1!1s0x340401005adaaae7:0x73b0b8b03505abdc
YAOWARAT,Lunch; Dinner,Thai,,Central,,,,,12:00–22:30,12:00–22:30,12:00–22:30,12:00–22:30,12:00–22:45,12:00–22:45,12:00–22:30,photos/yaowarat.jpg,https://www.google.com/maps/place/YAOWARAT/data=!4m2!3m1!1s0x3404015aaf5ea46b:0x2a8f5651028f0e0a
Uri Zip,Lunch; Dinner,Korean,,Tsim Sha Tsui,,,,,10:00–22:00,10:00–22:00,10:00–22:00,10:00–22:00,10:00–22:00,10:00–22:00,10:00–22:00,photos/uri-zip.jpg,https://www.google.com/maps/place/Uri+Zip/data=!4m2!3m1!1s0x340401a98d3bf717:0x883ac13483ce5749
OneThird Coffee Roasters,Coffee,Coffee,,Central,,,,,10:30–17:30,10:30–17:30,08:30–17:30,08:30–17:30,08:30–17:30,10:30–17:30,10:30–17:30,photos/one-third-coffee.jpg,https://www.google.com/maps/place/OneThird+Coffee+Roasters/data=!4m2!3m1!1s0x340401c8e43b441f:0x17dedaafae935342
美麗小廚 LAI's Kitchen,Lunch; Dinner,temp,,Wan Chai,,,,,12:00–16:00;17:00–01:30,12:00–16:00;17:00–01:30,12:00–16:00;17:00–01:30,12:00–16:00;17:00–01:30,12:00–16:00;17:00–01:30,12:00–16:00;17:00–01:30,12:00–16:00;17:00–01:30,photos/lai's-kitchen.jpg,https://www.google.com/maps/place/LAI's+Kitchen/data=!4m2!3m1!1s0x340401006856394f:0x4a60e431e21ced35
Mild,Lunch; Dinner,temp,,Causeway Bay,,,,,12:00–01:00,12:00–01:00,12:00–01:00,12:00–01:00,12:00–01:00,12:00–01:00,12:00–01:00,photos/mild.jpg,https://www.google.com/maps/place/Mild/data=!4m2!3m1!1s0x340401858ee6363f:0x312bd422eee022c4
Viva pasta,Lunch; Dinner,Italian; Takeaway,,Causeway Bay,,,,,11:00–21:00,11:00–21:00,11:00–21:00,11:00–21:00,11:00–21:00,11:00–21:00,Closed,photos/viva-pasta.jpg,https://www.google.com/maps/place/Viva+pasta/data=!4m2!3m1!1s0x34040171c799383b:0xdeb552327243d8b5
Sweet Home,Lunch; Dinner,福建菜,,Quarry Bay,,,,,09:00–21:00,09:00–21:00,09:00–21:00,09:00–21:00,09:00–21:00,09:00–21:00,09:00–21:00,photos/sweet-home.jpg,https://www.google.com/maps/place/Sweet+Home/data=!4m2!3m1!1s0x3404010033717aff:0x47deb7303bea43b9
DIECI Hong Kong,Lunch; Dinner,Italian,,Central,,,,,Closed,12:00–15:00;18:00–23:00,12:00–15:00;18:00–23:00,12:00–15:00;18:00–23:00,12:00–15:00;18:00–23:00,12:00–15:00;18:00–23:00,12:00–15:00;18:00–23:00,photos/dieci.jpg,https://www.google.com/maps/place/DIECI+Hong+Kong/data=!4m2!3m1!1s0x340401279e6dd973:0x9d38bd770c999a59
開心小敘,Breakfast; Lunch; Dinner; Light,CCT,,Yuen Long,,,,,Closed,07:00–17:00,07:00–17:00,07:00–17:00,07:00–17:00,07:00–17:00,08:00–17:00,photos/happy-house.jpg,https://www.google.com/maps/place/%E9%96%8B%E5%BF%83%E5%B0%8F%E6%95%98/data=!4m2!3m1!1s0x3403fa754ea7bb39:0x90617b28b0ae881d
酒虎詩龍,Dinner; Drink,Japanese; Izakaya,,Tin Hau,,,,,18:00–00:00,18:00–00:00,18:00–00:00,18:00–00:00,18:00–00:00,18:00–00:00,18:00–00:00,photos/dionysus-loong.jpg,https://www.google.com/maps/place/Dionysus+%EF%BC%86+Loong/data=!4m2!3m1!1s0x3404011064a31d1b:0x8ba9c4644bd69073
威水茶檔,Breakfast; Lunch; Dinner; Light,CCT,,Wan Chai,,,,,07:00–16:00,07:00–16:00,07:00–16:00,07:00–16:00,07:00–16:00,07:00–16:00,07:00–16:00,photos/wai-sui.jpg,https://www.google.com/maps/place/Right+Tea-rific/data=!4m2!3m1!1s0x3404010071286eb7:0xd2d99c959b986dfc
麵檔 (銅鑼灣),,Noodles,,Causeway Bay,,,,,,,,,,,,,https://www.google.com/maps/place/%E9%BA%B5%E6%AA%94+(%E9%8A%85%E9%91%BC%E7%81%A3)/data=!4m2!3m1!1s0x34040122edcd0473:0xf0b7a2a8856b7a58
Java Cafe,,Cafe,,temp,,,,,,,,,,,,,https://www.google.com/maps/place/Java+Cafe/data=!4m2!3m1!1s0x34040104c6ae183f:0x44a2c0815e4b6f8a
Islam Food Since 1950,,temp,,temp,,,,,,,,,,,,,https://www.google.com/maps/place/Islam+Food+Since+1950/data=!4m2!3m1!1s0x340400d54b2b9d2b:0xfc773cd6141ce1b8
Grandma Wong黃,,temp,,temp,,,,,,,,,,,,,https://www.google.com/maps/place/Grandma+Wong%E9%BB%83/data=!4m2!3m1!1s0x3404018d63d84755:0x4c551aec3fbb5805
Wa-En Yakiniku,,Japanese; Yakiniku,,temp,,,,,,,,,,,,,https://www.google.com/maps/place/Wa-En+Yakiniku/data=!4m2!3m1!1s0x340400ed46d1d8a9:0x697a8aba0d67df84
Min Jun,,temp,,temp,,,,,,,,,,,,,https://www.google.com/maps/place/Min+Jun/data=!4m2!3m1!1s0x340401cc57960589:0x72e8dc40642464b4
La Vache! SoHo,,temp,,Central,,,,,,,,,,,,,https://www.google.com/maps/place/La+Vache!+SoHo/data=!4m2!3m1!1s0x3404007b9fbcb831:0xa9b775778688d120
雞工房,,Chinese,,Central,,,,,,,,,,,,,https://www.google.com/maps/place/Hakka+Shop/data=!4m2!3m1!1s0x3404007c55555555:0x26828255e23bb3a9
玖鉞食堂,,temp,,temp,,,,,,,,,,,,,https://www.google.com/maps/place/%E7%8E%96%E9%89%9E%E9%A3%9F%E5%A0%82/data=!4m2!3m1!1s0x34040148fc953bed:0x46b8b917d33a52d4
Min Gaa,,Chinese,Noodles,temp,,,,,,,,,,,,,https://www.google.com/maps/place/Min+Gaa/data=!4m2!3m1!1s0x340401aac077e421:0x9919466a8a00d049
涼茶鋪 Lounge Cha,,Tea,,temp,,,,,,,,,,,,,https://www.google.com/maps/place/%E6%B6%BC%E8%8C%B6%E9%8B%AA+Lounge+Cha/data=!4m2!3m1!1s0x340401fe76a66219:0x9b9eaaf1f7ed5e91
The Spoon,,temp,,temp,,,,,,,,,,,,,https://www.google.com/maps/place/The+Spoon/data=!4m2!3m1!1s0x3404015df37cdf77:0xc598738398bef96b
Cloud Nine Specialty Coffee,,Cafe,,temp,,,,,,,,,,,,,https://www.google.com/maps/place/Cloud+Nine+Specialty+Coffee/data=!4m2!3m1!1s0x340401ac436e66ff:0xd62f69e390389bfe
The Ice Cream & Cookie Co.,,Dessert,,temp,,,,,,,,,,,,,https://www.google.com/maps/place/The+Ice+Cream+%26+Cookie+Co./data=!4m2!3m1!1s0x3404014177edb829:0x267538558fc32098
Palace Kitchen,,temp,,temp,,,,,,,,,,,,,https://www.google.com/maps/place/Palace+Kitchen/data=!4m2!3m1!1s0x340401456d1aaaab:0x8b9299899edf880e
Big Light,,temp,,temp,,,,,,,,,,,,,https://www.google.com/maps/place/Big+Light/data=!4m2!3m1!1s0x340401839aab3987:0xdf17ce141b19a210
ATARAYO,,temp,,temp,,,,,,,,,,,,,https://www.google.com/maps/place/ATARAYO/data=!4m2!3m1!1s0x3403ffbc87553951:0x6b22cad9c3067c26
中環飯店 Pedder Chinese,Lunch; Dinner,Chinese,,Central,,,,,,,,,,,,,https://www.google.com/maps/place/%E4%B8%AD%E7%92%B0%E9%A3%AF%E5%BA%97+Pedder+Chinese/data=!4m2!3m1!1s0x340401aeff119b7f:0xd6448704d76fdb79
Sleep Well Eat More,,temp,,temp,,,,,,,,,,,,,https://www.google.com/maps/place/Sleep+Well+Eat+More/data=!4m2!3m1!1s0x3403ff1e03ca0a63:0x4aaba265952850b3
Flagship,,temp,,temp,,,,,,,,,,,,,https://www.google.com/maps/place/Flagship/data=!4m2!3m1!1s0x340401ba50050869:0x88724e85346a3b27
家傳餃子 Amaze Dumplings,Lunch; Light,Fusion,餃子,temp,,,,,,,,,,,,,https://www.google.com/maps/place/Amaze+Dumplings/data=!4m2!3m1!1s0x340401ece29e16d3:0xb6d1dcd3fe43e3db
登登登凳,Snack,Street Food,,temp,,,,,,,,,,,,,https://www.google.com/maps/place/%E7%99%BB%E7%99%BB%E7%99%BB%E5%87%B3/data=!4m2!3m1!1s0x34040192d655eeef:0x9c7dffc513b2d1d9
Apgujeong Tent Bar,,Korean,,temp,,,,,,,,,,,,,https://www.google.com/maps/place/Apgujeong+Tent+Bar/data=!4m2!3m1!1s0x340400ee9f723a4d:0x4d754bc8acad03cf
Shuran Japanese Restaurant,,Japanese,,temp,,,,,,,,,,,,,https://www.google.com/maps/place/Shuran+Japanese+Restaurant/data=!4m2!3m1!1s0x340401f4bf2feb49:0x9df27db940f587f0
Kamcentre Roast Goose,,Chinese,燒味,temp,,,,,,,,,,,,,https://www.google.com/maps/place/Kamcentre+Roast+Goose/data=!4m2!3m1!1s0x340401bfd807436b:0xcd90aae489f9210f
Brentwood Coffee Roaster (Causeway Bay),,Cafe,,Causeway Bay,,,,,,,,,,,,,https://www.google.com/maps/place/Brentwood+Coffee+Roaster+(Causeway+Bay)/data=!4m2!3m1!1s0x3404010040817ef7:0xe3cfcc3040303dc2
Yohaku-余白,,Japanese,,temp,,,,,,,,,,,,,https://www.google.com/maps/place/Yohaku-%E4%BD%99%E7%99%BD/data=!4m2!3m1!1s0x340401002c093843:0x52d2db9eee8ce971
Siaw,,temp,,temp,,,,,,,,,,,,,https://www.google.com/maps/place/Siaw/data=!4m2!3m1!1s0x340401002d944d0b:0xb830df72c447f09
Wahshan Coffee,,Cafe,,temp,,,,,,,,,,,,,https://www.google.com/maps/place/Wahshan+Coffee/data=!4m2!3m1!1s0x3404070010c075d5:0x6ca63564da64143e
Yorucho,,temp,,temp,,,,,,,,,,,,,https://www.google.com/maps/place/Yorucho/data=!4m2!3m1!1s0x34040147fc5820f9:0xd9bf079667741ac9
JunG 39 Japan,,Japanese,,temp,,,,,,,,,,,,,https://www.google.com/maps/place/JunG+39+Japan/data=!4m2!3m1!1s0x340401bebdde6ae3:0xaf148c7b46b74943
Ruên Thai & Vietnamese,,Thai; Vietnamese,,temp,,,,,,,,,,,,,https://www.google.com/maps/place/Ru%C3%AAn+Thai+%26+Vietnamese/data=!4m2!3m1!1s0x3404013ef97c6d8f:0xeb4404da230cb39e
Sonamu Korean Restaurant,Lunch; Dinner,Korean,,Jordan,,,,,,,,,,,,,https://www.google.com/maps/place/Sonamu+korean+Restaurant/data=!4m2!3m1!1s0x34040106f7dc984d:0x9c7a5a71b72ae947
合利潮州打冷飯店,Lunch; Dinner,Chinese,打冷,temp,,,,,,,,,,,,,https://www.google.com/maps/place/%E5%90%88%E5%88%A9%E6%BD%AE%E5%B7%9E%E6%89%93%E5%86%B7%E9%A3%AF%E5%BA%97/data=!4m2!3m1!1s0x340400eb6bff2f11:0x87bad99aa6fd7570
Yuen Hing Restaurant,,temp,,temp,,,,,,,,,,,,,https://www.google.com/maps/place/Yuen+Hing+Restaurant/data=!4m2!3m1!1s0x3404007cc3adf4a3:0x222ed5ee48b645f0
LOUISE,,temp,,temp,,,,,,,,,,,,,https://www.google.com/maps/place/LOUISE/data=!4m2!3m1!1s0x340401734da2a377:0x23ee2d6771fbde35
The jeju black,Lunch; Dinner,Korean,,Central,,,,,,,,,,,,,https://www.google.com/maps/place/The+jeju+black/data=!4m2!3m1!1s0x340401000917365f:0x3803cde20855c4b8
Half by Involtini,,Western,Pasta,Tuen Mun,,,,,,,,,,,,,https://www.google.com/maps/place/Half+by+Involtini/data=!4m2!3m1!1s0x3403fb27885d7219:0x6acc5d10f1ff254f
Dear Grey,Lunch; Dinner,Western,,temp,,,,,,,,,,,,photos/dear-grey.jpg,https://www.google.com/maps/place/Dear+Grey/data=!4m2!3m1!1s0x340401dd5165131d:0xcf22e6c4ee01ffae
Yakiniku Great (中環SOHO店),Lunch; Dinner,Japanese,Yakiniku,Central,,,,,,,,,,,,,https://www.google.com/maps/place/Yakiniku+Great+(%E4%B8%AD%E7%92%B0SOHO%E5%BA%97)/data=!4m2!3m1!1s0x34040101fc46c2b1:0x4763e395ae740aad
Unagi Yondaime Kikukawa Causeway Bay,,Japanese,,Causeway Bay,,,,,,,,,,,,,https://www.google.com/maps/place/Unagi+Yondaime+Kikukawa+Causeway+Bay/data=!4m2!3m1!1s0x34040100165fc4c7:0xcef3eda3d77d5557
SEP Hong Kong,Lunch; Dinner,Vietnamese; Fine Dining,,Central,,,,,,,,,,,,,https://www.google.com/maps/place/SEP+Hong+Kong/data=!4m2!3m1!1s0x340401ad41faf253:0x78d1e738fc56da5b
GOLDEN GIP,,Korean,,Central,,,,,,,,,,,,,https://www.google.com/maps/place/GOLDEN+GIP/data=!4m2!3m1!1s0x340401bfedf8a10b:0xe5906565a88cb028
Twist Pasta Bar,,Italian,,temp,,,,,,,,,,,,,https://www.google.com/maps/place/Twist+Pasta+Bar/data=!4m2!3m1!1s0x3404012b29b0c32d:0x557121a84bb61ecb
Jus,Lunch; Dinner,Chinese,Noodles,temp,,,,Long queue,,,,,,,,,https://www.google.com/maps/place/Jus/data=!4m2!3m1!1s0x3404010014bfdfc5:0x9bfd404a14fb645b
Gatten Sushi,,Japanese,Sushi,temp,,,,,,,,,,,,,https://www.google.com/maps/place/Gatten+Sushi/data=!4m2!3m1!1s0x3404010076adcd39:0x88f82d2d3cb67c0d
Tamarind,,temp,,temp,,,,,,,,,,,,,https://www.google.com/maps/place/Tamarind/data=!4m2!3m1!1s0x340401000d04d23d:0xb814a65d57b32c14
Trojan Food Club - TKO,,temp,,Tseung Kwan O,,,,,,,,,,,,,https://www.google.com/maps/place/Trojan+Food+Club+-+TKO/data=!4m2!3m1!1s0x34040334184b1a81:0xdd848c339346c865
Tori Yoichi,,Japanese,,temp,,,,,,,,,,,,,https://www.google.com/maps/place/Tori+Yoichi/data=!4m2!3m1!1s0x34040122644bb4ef:0x1c30a3e5faef38a7
C108,,Coffee; 酒 ,,temp,,,,,,,,,,,,,https://www.google.com/maps/place/C108/data=!4m2!3m1!1s0x340401872bbf53f7:0xdc9002856466a886
Mercury Recalls By Lost Stars,,temp,,temp,,,,,,,,,,,,,https://www.google.com/maps/place/Mercury+Recalls+By+Lost+Stars/data=!4m2!3m1!1s0x340401cca8c00b99:0xcdc01c5180e6da5e
ZOZZONA,Lunch; Dinner,Japanese,Pasta,temp,,,,,,,,,,,,,https://www.google.com/maps/place/ZOZZONA/data=!4m2!3m1!1s0x340401e2352cd8bd:0xe832881cb3cf4d3a
La Itameshi HK,,Italian,,temp,,,,,,,,,,,,,https://www.google.com/maps/place/La+Itameshi+HK/data=!4m2!3m1!1s0x340403247215301b:0x7d4fbb91e57db851
Yeon Nam Dong,,temp,,temp,,,,,,,,,,,,,https://www.google.com/maps/place/Yeon+Nam+Dong/data=!4m2!3m1!1s0x3403ff001db94423:0x85cf475a5b4be667
川品雲南米線,,Yunnan,Noodles,temp,,,,,,,,,,,,,https://www.google.com/maps/place/%E5%B7%9D%E5%93%81%E9%9B%B2%E5%8D%97%E7%B1%B3%E7%B7%9A/data=!4m2!3m1!1s0x340400b82e0f1589:0x5d555d4c34bf908
Noodle Town 누들타운,,Korean,韓式中餐,temp,,,,,,,,,,,,,https://www.google.com/maps/place/Noodle+Town+%EB%88%84%EB%93%A4%ED%83%80%EC%9A%B4/data=!4m2!3m1!1s0x3404014b6be6411b:0x5f85589e24d866d8
GOZIP,,temp,,temp,,,,,,,,,,,,,https://www.google.com/maps/place/GOZIP/data=!4m2!3m1!1s0x340401c2e4e15fef:0x25513ff04933ea07
鳥熟成 Tori Jukusei,,Japanese,,temp,,,,,,,,,,,,,https://www.google.com/maps/place/%E9%B3%A5%E7%86%9F%E6%88%90+Tori+Jukusei/data=!4m2!3m1!1s0x3404018932e3a02b:0x1759ae48050b56b9
Tryst,,temp,,temp,,,,,,,,,,,,,https://www.google.com/maps/place/Tryst/data=!4m2!3m1!1s0x340401003ce0ba65:0x687a880b0ec1cff8
ORM Korean Restaurant 오름,,Korean,,temp,,,,,,,,,,,,,https://www.google.com/maps/place/ORM+Korean+Restaurant+%EC%98%A4%EB%A6%84/data=!4m2!3m1!1s0x340401f44696f717:0xada5731baae8a2fb
obp.ㅇㅂㅍ,,temp,,temp,,,,,,,,,,,,,https://www.google.com/maps/place/obp.%E3%85%87%E3%85%82%E3%85%8D/data=!4m2!3m1!1s0x34040110eaca15b1:0x2c458ca3b1e667f5
Passepartout Brunch & Coffee,Breakfast; Brunch; Lunch,Cafe,,temp,,,,,,,,,,,,,https://www.google.com/maps/place/Passepartout+Brunch+%26+Coffee/data=!4m2!3m1!1s0x3404016ffedf750b:0x4b43600539e3fc8
Buff (Quarry Bay),,temp,,Quarry Bay,,,,,,,,,,,,,https://www.google.com/maps/place/Buff+(Quarry+Bay)/data=!4m2!3m1!1s0x34040137dd314d5d:0xc5d772fa4f107af2
Maru Korean Restaurant Pub,,Korean,,temp,,,,,,,,,,,,,https://www.google.com/maps/place/Maru+Korean+Restaurant+Pub/data=!4m2!3m1!1s0x3404007b96e2b243:0xa5e2a41a778632a
Big Pink Burgers,,Burgers,,temp,,,,,,,,,,,,,https://www.google.com/maps/place/Big+Pink+Burgers/data=!4m2!3m1!1s0x340401b96a372143:0xffd1fc4529d1f4ad
Ombra,,temp,,temp,,,,,,,,,,,,,https://www.google.com/maps/place/Ombra/data=!4m2!3m1!1s0x340401007a38efe3:0x71bb0c6693967d4d
La Barra Spanish Tapas Restaurant,,Spanish,,temp,,,,,,,,,,,,,https://www.google.com/maps/place/La+Barra+Spanish+Tapas+Restaurant/data=!4m2!3m1!1s0x3404073de5d3a03d:0x8e2673409a7e82b9
Mirror Burger,,Burgers,,temp,,,,,,,,,,,,,https://www.google.com/maps/place/Mirror+Burger/data=!4m2!3m1!1s0x340401e0074503a1:0xd10d73cf17dfa203
Kam Shing Restaurant,,temp,,temp,,,,,,,,,,,,,https://www.google.com/maps/place/Kam+Shing+Restaurant/data=!4m2!3m1!1s0x34040708032e139f:0x992d74ffaec0efeb
青雪商店（拉麵）,,Japanese,Ramen,temp,,,,,,,,,,,,,https://www.google.com/maps/place/%E9%9D%92%E9%9B%AA%E5%95%86%E5%BA%97%EF%BC%88%E6%8B%89%E9%BA%B5%EF%BC%89/data=!4m2!3m1!1s0x3404011f49da2eb1:0x22136129b1513f72
Min Jun (Sheung Wan),,temp,,Sheung Wan,,,,,,,,,,,,,https://www.google.com/maps/place/Min+Jun+(Sheung+Wan)/data=!4m2!3m1!1s0x3404007c60c8b22d:0x1fa5e21636d03547
CENSU,,temp,,temp,,,,,,,,,,,,,https://www.google.com/maps/place/CENSU/data=!4m2!3m1!1s0x34040109cf79b523:0xafb43416abab7d62
蒙麵,,Noodles,,temp,,,,,,,,,,,,,https://www.google.com/maps/place/%E8%92%99%E9%BA%B5/data=!4m2!3m1!1s0x340400de117234dd:0xa58684c74fb45aa6
The Doctors Residence by Dr. Fern,,temp,,temp,,,,,,,,,,,,,https://www.google.com/maps/place/The+Doctors+Residence+by+Dr.+Fern/data=!4m2!3m1!1s0x34040128387378bd:0xc95c4ef960bbe8ec
Babette,,temp,,temp,,,,,,,,,,,,,https://www.google.com/maps/place/Babette/data=!4m2!3m1!1s0x3404011fc5bb1e09:0x86ff5bb74b84fdfd
Mum Mum Thai,,Thai,,temp,,,,,,,,,,,,,https://www.google.com/maps/place/Mum+Mum+Thai/data=!4m2!3m1!1s0x3404018f7aca5387:0x417f094f41db9aef
CODA • Jazz Kissa 爵士喫茶 • Cafe & Bar • Live music • Vinyl,,Cafe; Bar,,temp,,,,,,,,,,,,,https://www.google.com/maps/place/CODA+%E2%80%A2+Jazz+Kissa+%E7%88%B5%E5%A3%AB%E5%96%AB%E8%8C%B6+%E2%80%A2+Cafe+%26+Bar+%E2%80%A2+Live+music+%E2%80%A2+Vinyl/data=!4m2!3m1!1s0x3403ff75bea04771:0x97875e55d8ac228b
宮崎肉本舖 (香港店),,temp,,temp,,,,,,,,,,,,,https://www.google.com/maps/place/%E5%AE%AE%E5%B4%8E%E8%82%89%E6%9C%AC%E8%88%96+(%E9%A6%99%E6%B8%AF%E5%BA%97)/data=!4m2!3m1!1s0x340401c85739c05b:0x1fc1751f49a60add
Hon Fat Noodle (Wan Chai),,Noodles,,Wan Chai,,,,,,,,,,,,,https://www.google.com/maps/place/Hon+Fat+Noodle+(Wan+Chai)/data=!4m2!3m1!1s0x340401fdba2b26f7:0xcc0c1bcc45bdc1eb
Flat Iron Burger,,Burgers,,temp,,,,,,,,,,,,,https://www.google.com/maps/place/Flat+Iron+Burger/data=!4m2!3m1!1s0x340401006774e6c9:0xcac1b7f56003ac34
Han Ah Rum Korean Restaurant 韓雅林,,Korean,,temp,,,,,,,,,,,,,https://www.google.com/maps/place/Han+Ah+Rum+Korean+Restaurant+%E9%9F%93%E9%9B%85%E6%9E%97/data=!4m2!3m1!1s0x34040056de2d51b3:0xae100fb893526bdf
Involtini Italian cuisine,,Italian,,temp,,,,,,,,,,,,,https://www.google.com/maps/place/Involtini+Italian+cuisine/data=!4m2!3m1!1s0x340400573b7a13f9:0x623bfe06f6834f58
FALCONE IFC,,temp,,Central,,,,,,,,,,,,,https://www.google.com/maps/place/FALCONE+IFC/data=!4m2!3m1!1s0x34040112ff9c9db1:0x38359a2f4d760dda
SAKEH,,temp,,temp,,,,,,,,,,,,,https://www.google.com/maps/place/SAKEH/data=!4m2!3m1!1s0x3404015cfb4b0fbb:0x6a6df56920458570
Hanbros Bulgogi,,Korean,,temp,,,,,,,,,,,,,https://www.google.com/maps/place/Hanbros+Bulgogi/data=!4m2!3m1!1s0x340400d8d516eb21:0x26177c5bd9ea8bf8
Trattoria Felino,,Italian,,temp,,,,,,,,,,,,,https://www.google.com/maps/place/Trattoria+Felino/data=!4m2!3m1!1s0x34040165ca6d7c85:0x6eca1e0f9dc08d86
韓奶奶拌飯,,Korean,,temp,,,,,,,,,,,,,https://www.google.com/maps/place/%E9%9F%93%E5%A5%B6%E5%A5%B6%E6%8B%8C%E9%A3%AF/data=!4m2!3m1!1s0x3403f100778e77e3:0xb08a04bf4c702db5
權八 (銅鑼灣店),,Japanese,,Causeway Bay,,,,,,,,,,,,,"https://www.google.com/maps/place/%E6%AC%8A%E5%85%AB/@22.2787214,114.1854111,17z/data=!3m1!4b1!4m6!3m5!1s0x340400515282e807:0x4c89a980b0323d73!8m2!3d22.2787214!4d114.1854111!16s%2Fg%2F11bc8_9r6y?hl=zh-TW&entry=ttu&g_ep=EgoyMDI2MDkzMC4wIKXMDSoASAFQAw%3D%3D"
權八 (尖沙咀店),,Japanese,,Tsim Sha Tsui,,,,,,,,,,,,,https://www.google.com/maps/place/%E6%AC%8A%E5%85%AB+(%E5%B0%96%E6%B2%99%E5%92%80%E5%BA%97)+Gonpachi+(Tsim+Sha+Tsui)/data=!4m2!3m1!1s0x340401fb8fc7f5c7:0x2aded0a4ef056902
Sfizio,,temp,,temp,,,,,,,,,,,,,https://www.google.com/maps/place/Sfizio/data=!4m2!3m1!1s0x340401e2e4c890bb:0x78a8dbb89a1fbe59
MOYO,,temp,,temp,,,,,,,,,,,,,https://www.google.com/maps/place/MOYO/data=!4m2!3m1!1s0x3404007b9040d267:0x6b8f7d908598e17a
Blue Supreme,,temp,,temp,,,,,,,,,,,,,https://www.google.com/maps/place/Blue+Supreme/data=!4m2!3m1!1s0x3404007ea5acd6a9:0x7ee238257c6aa0d
Genki Ippai Japanese Farmhouse Style Restaurant,,Japanese,,temp,,,,,,,,,,,,,https://www.google.com/maps/place/Genki+Ippai+Japanese+Farmhouse+Style+Restaurant/data=!4m2!3m1!1s0x340400ec38074041:0xf44453eef3c2ec4
鍋牛,,Chinese,Bino,temp,,,,,,,,,,,,,https://www.google.com/maps/place/%E9%8D%8B%E7%89%9B/data=!4m2!3m1!1s0x340400eacd3d843f:0xe6773e1000eb4db6
SHE WONG HEI,,Chinese,,temp,,,,,,,,,,,,,https://www.google.com/maps/place/SHE+WONG+HEI/data=!4m2!3m1!1s0x340400571e50d555:0xfdfffcef488a3bb7
Chiu Tang,,temp,,temp,,,,,,,,,,,,,https://www.google.com/maps/place/Chiu+Tang/data=!4m2!3m1!1s0x3404005ab76fc98f:0x6a9c87bacd3a8fe4
Hung Ling Restaurant,,temp,,temp,,,,,,,,,,,,,https://www.google.com/maps/place/Hung+Ling+Restaurant/data=!4m2!3m1!1s0x340401d8bd6c1ff9:0x457a9e76ef26b1f0
Showa Shokudo,,Japanese,,temp,,,,,,,,,,,,,https://www.google.com/maps/place/Showa+Shokudo/data=!4m2!3m1!1s0x340400575af61393:0x3cf5e1cf74a2172
Waso Cafe (Kwun Tong),,Cafe,,Kwun Tong,,,,,,,,,,,,,https://www.google.com/maps/place/Waso+Cafe+(Kwun+Tong)/data=!4m2!3m1!1s0x34040144e08fffff:0x4f924c80f35b65e5
Gali,,temp,,temp,,,,,,,,,,,,,https://www.google.com/maps/place/Gali/data=!4m2!3m1!1s0x34040157ec733435:0x149979882a5563c1
Very Good Luck Fast Food Shop,,Fast food,,temp,,,,,,,,,,,,,https://www.google.com/maps/place/Very+Good+Luck+Fast+Food+Shop/data=!4m2!3m1!1s0x340407544affe279:0x77375609175930bf
Gold Garden Restaurant,,temp,,temp,,,,,,,,,,,,,https://www.google.com/maps/place/Gold+Garden+Restaurant/data=!4m2!3m1!1s0x3404074de53ba94b:0x607abde7113954b0
Yardbird,,Japanese; Izakaya,串燒,temp,,,,,,,,,,,,,https://www.google.com/maps/place/Yardbird/data=!4m2!3m1!1s0x3404007bfc5df893:0x59ddb7c0550b93e5
Sumito,,temp,,temp,,,,,,,,,,,,,https://www.google.com/maps/place/Sumito/data=!4m2!3m1!1s0x34040117207c78e7:0x44fee7b1239a6be7
Chill House,,temp,,temp,,,,,,,,,,,,,https://www.google.com/maps/place/Chill+House/data=!4m2!3m1!1s0x340401428e0712cb:0xae9f386de99c2973
Tin Kee Dumplings,,Chinese,,temp,,,,,,,,,,,,,https://www.google.com/maps/place/Tin+Kee+Dumplings/data=!4m2!3m1!1s0x340401aacd2e805b:0x49fc21943b069709
日昇小食,,temp,,temp,,,,,,,,,,,,,https://www.google.com/maps/place/%E6%97%A5%E6%98%87%E5%B0%8F%E9%A3%9F/data=!4m2!3m1!1s0x340400d71743d2af:0xce820fce99064f98
興記豬什専門店,,temp,,temp,,,,,,,,,,,,,https://www.google.com/maps/place/%E8%88%88%E8%A8%98%E8%B1%AC%E4%BB%80%E5%B0%82%E9%96%80%E5%BA%97/data=!4m2!3m1!1s0x340407007be31539:0x4942fda4c758215a
Thai Boys,,Thai,,temp,,,,,,,,,,,,,https://www.google.com/maps/place/Thai+Boys/data=!4m2!3m1!1s0x340401c97006253b:0x4adaa06290a259fc
Fika Restaurant & BAR,,Bar,,temp,,,,,,,,,,,,,https://www.google.com/maps/place/Fika+Restaurant+%26+BAR/data=!4m2!3m1!1s0x340404746bd52ea5:0xadb96b529872081
CICLO,,temp,,temp,,,,,,,,,,,,,https://www.google.com/maps/place/CICLO/data=!4m2!3m1!1s0x3404010b9f4e4c0b:0x6cb7e88ccf520e85
幕多,,Japanese,Ramen,Tsim Sha Tsui,,,,,,,,,,,,,https://www.google.com/maps/place/%E5%B9%95%E5%A4%9A/data=!4m2!3m1!1s0x34040100792f023f:0x7431a53678a5a2df
Mama Tiger Noodles,,Thai,Noodles,temp,,,,,,,,,,,,,https://www.google.com/maps/place/Mama+Tiger+Noodles/data=!4m2!3m1!1s0x340401648988f9c1:0xb86547fcb208a517
BANPO Korean BBQ,,Korean,,temp,,,,,,,,,,,,,https://www.google.com/maps/place/BANPO+Korean+BBQ/data=!4m2!3m1!1s0x3404016b71e3aa99:0xe57e3a22350dec5b
Sofi Pasta Co.,,Italian,,Sheung Wan,,,,,,,,,,,,,https://www.google.com/maps/place/Sofi+Pasta+Co./data=!4m2!3m1!1s0x34040113144975d1:0x6e37b2937ddfb85d
Skewer Kitchen,,,,temp,,,,,,,,,,,,,https://www.google.com/maps/place/Skewer+Kitchen/data=!4m2!3m1!1s0x340401d62ac36a7b:0x127179a84cbcf36b
Uncle Quek,,temp,,temp,,,,,,,,,,,,,https://www.google.com/maps/place/Uncle+Quek/data=!4m2!3m1!1s0x3404013b7244e661:0x8f55d809be61a50a
Japanese Restaurant Doraya,,Japanese,Toro,temp,,,,,,,,,,,,,https://www.google.com/maps/place/Japanese+Restaurant+Doraya/data=!4m2!3m1!1s0x340400ede764612b:0x4d93ae53b6fd0994
Primo Posto,,temp,,temp,,,,,,,,,,,,,https://www.google.com/maps/place/Primo+Posto/data=!4m2!3m1!1s0x340401043c090ac7:0xb679c0f3762a28cb
By the O Studio,,temp,,temp,,,,,,,,,,,,,https://www.google.com/maps/place/By+the+O+Studio/data=!4m2!3m1!1s0x340407af32b3efdd:0x5d4b904a98ceb048
BUSAN NIGHT,,Korean,,temp,,,,,,,,,,,,,https://www.google.com/maps/place/BUSAN+NIGHT/data=!4m2!3m1!1s0x340401b46e1a1619:0x9583f471b3ec411
Bourke's,,temp,,temp,,,,,,,,,,,,,https://www.google.com/maps/place/Bourke's/data=!4m2!3m1!1s0x340401d0dce3e8cd:0x6ad74ab4d89ce854
Q1 Vietnamese Breads & Dessert,,Vietnamese,,temp,,,,,,,,,,,,,https://www.google.com/maps/place/Q1+Vietnamese+Breads+%26+Dessert/data=!4m2!3m1!1s0x3404018afd178e0f:0xf4c7fe1208d3ecda
Emmer Pizzeria & Café,,Western,Pizza,temp,,,,,,,,,,,,,https://www.google.com/maps/place/Emmer+Pizzeria+%26+Caf%C3%A9/data=!4m2!3m1!1s0x340401a218b0e3dd:0x9c77049819f474e0
餃串Party,,Chinese,餃子,temp,,,,,,,,,,,,,https://www.google.com/maps/place/%E9%A4%83%E4%B8%B2Party/data=!4m2!3m1!1s0x340407b7a02ead97:0x3f0eb64d6feb65a8
HoHon Eatery,,temp,,temp,,,,,,,,,,,,,https://www.google.com/maps/place/HoHon+Eatery/data=!4m2!3m1!1s0x3403fffe1daf9155:0xb1689cdaebc30f2f
Samsic,,temp,,temp,,,,,,,,,,,,,https://www.google.com/maps/place/Samsic/data=!4m2!3m1!1s0x340401000b711489:0x2a7604ad65af8847
Sepoy Mess,,temp,,temp,,,,,,,,,,,,,https://www.google.com/maps/place/Sepoy+Mess/data=!4m2!3m1!1s0x3404012e1dd7585b:0x1255c28919a9062c
肥後屋,,temp,,temp,,,,,,,,,,,,,https://www.google.com/maps/place/%E8%82%A5%E5%BE%8C%E5%B1%8B/data=!4m2!3m1!1s0x340401c6f739ff2b:0xdb0b1f2fc6a639f5
延焼肉 Yakiniku - YIN,,Japanese,Yakiniku,Sheung Wan,,,,,,,,,,,,,https://www.google.com/maps/place/%E5%BB%B6%E7%84%BC%E8%82%89+Yakiniku+-+YIN/data=!4m2!3m1!1s0x3404014fded8b08b:0x8d160576908819b
Nikuya,,temp,,Tsim Sha Tsui,,,,,,,,,,,,,https://www.google.com/maps/place/Nikuya/data=!4m2!3m1!1s0x340401622ecfa669:0xd08add6738239b1d
Grissini,,temp,,Wan Chai,,,,,,,,,,,,,https://www.google.com/maps/place/Grissini/data=!4m2!3m1!1s0x3404005ea2ffa793:0x2e7facd0fd2a9146
Gamtai 金太 깜타이,,Korean,,Tsim Sha Tsui,,,,,,,,,,,,,https://www.google.com/maps/place/Gamtai+%E9%87%91%E5%A4%AA+%EA%B9%9C%ED%83%80%EC%9D%B4/data=!4m2!3m1!1s0x3404011463067f37:0x4f8e0a36613af9e9
Won Pung Won Korean Restaurant,,Korean,韓燒; Soup,Tsim Sha Tsui,,Daily; Poly,,飯堂,,,,,,,,,https://www.google.com/maps/place/Won+Pung+Won+Korean+Restaurant/data=!4m2!3m1!1s0x340400ee69bc9bfd:0x3a4c0dd3b631aa7a
新天地美食,,temp,,Tsim Sha Tsui,,,,,,,,,,,,,https://www.google.com/maps/place/%E6%96%B0%E5%A4%A9%E5%9C%B0%E7%BE%8E%E9%A3%9F/data=!4m2!3m1!1s0x340400e93322942d:0x2f2b67f319b3c65a
露面拌麵料理,,Noodles,,temp,,,,,,,,,,,,,https://www.google.com/maps/place/%E9%9C%B2%E9%9D%A2%E6%8B%8C%E9%BA%B5%E6%96%99%E7%90%86/data=!4m2!3m1!1s0x340401005287dc6f:0xcc3c768e30151063
Pachanga,,temp,,temp,,,,,,,,,,,,,https://www.google.com/maps/place/Pachanga/data=!4m2!3m1!1s0x3403fd6ba5792543:0xfc699642b46ac9ae
Harvest House (Causeway Bay),,temp,,Causeway Bay,,,,,,,,,,,,,https://www.google.com/maps/place/Harvest+House+(Causeway+Bay)/data=!4m2!3m1!1s0x340401004d73594b:0x8266a75be4f5646a
五福 Obongzip 오봉집,,Korean,,temp,,,,,,,,,,,,,https://www.google.com/maps/place/%E4%BA%94%E7%A6%8F+Obongzip+%EC%98%A4%EB%B4%89%EC%A7%91/data=!4m2!3m1!1s0x340401002aa1f42b:0x338050f987e8b78c
TIENMO 天模粉食,,Noodles,,temp,,,,,,,,,,,,,https://www.google.com/maps/place/TIENMO+%E5%A4%A9%E6%A8%A1%E7%B2%89%E9%A3%9F/data=!4m2!3m1!1s0x340401367b87d8d3:0x5a15c35ab6bf0732
Daokeaw Thai Restaurant,,Thai,,temp,,,,,,,,,,,,,https://www.google.com/maps/place/Daokeaw+Thai+Restaurant/data=!4m2!3m1!1s0x340406d55949de11:0x153140454063ec65
川大哥 火鍋 串燒 專門店,,Hot pot; Skewers,,temp,,,,,,,,,,,,,https://www.google.com/maps/place/%E5%B7%9D%E5%A4%A7%E5%93%A5+%E7%81%AB%E9%8D%8B+%E4%B8%B2%E7%87%92+%E5%B0%88%E9%96%80%E5%BA%97/data=!4m2!3m1!1s0x340401dd3e0b215b:0xf13dc8e25c233b7a
Chung Kee Restaurant,,temp,,temp,,,,,,,,,,,,,https://www.google.com/maps/place/Chung+Kee+Restaurant/data=!4m2!3m1!1s0x3404005bbce9d9c3:0x28c87408788cb414
Afrika Kitchen Hong Kong,,temp,,temp,,,,,,,,,,,,,https://www.google.com/maps/place/Afrika+Kitchen+Hong+Kong/data=!4m2!3m1!1s0x3404010069fbf20f:0x35668091965a7db7
À Poêle,,temp,,temp,,,,,,,,,,,,,https://www.google.com/maps/place/%C3%80+Po%C3%AAle/data=!4m2!3m1!1s0x340401006758c719:0xa7b649ac096d4fdc
Kam Mui Kee Dai Pai Dong,,Dai pai dong,,temp,,,,,,,,,,,,,https://www.google.com/maps/place/Kam+Mui+Kee+Dai+Pai+Dong/data=!4m2!3m1!1s0x340400ee9bcffff9:0xa7ba35fa1590a2b7
SANDWICHOLOGY,,Sandwich,,temp,,,,,,,,,,,,,https://www.google.com/maps/place/SANDWICHOLOGY/data=!4m2!3m1!1s0x340401938363ca55:0x76ad1323efaf473a
Jeju Oktop Black BBQ Hong Kong,,Korean,,temp,,,,,,,,,,,,,https://www.google.com/maps/place/Jeju+Oktop+Black+BBQ+Hong+Kong+%7C+Korean+BBQ+Restaurant+%7C+Jeju+Black+Pork+%7C+%0AJeju+BBQ+%7C+Jeju+Hong+Kong/data=!4m2!3m1!1s0x3404012a6bc4bc91:0xf6868a787602e16f
Tuen Mun Baguettes,,Sandwich,,Tuen Mun,,,,,,,,,,,,,https://www.google.com/maps/place/Tuen+Mun+Baguettes/data=!4m2!3m1!1s0x3403fbc7b213fd7f:0xb71f89482e797dc8
Water Gate Chicken Rice,,Chicken rice,,temp,,,,,,,,,,,,,https://www.google.com/maps/place/Water+Gate+Chicken+Rice/data=!4m2!3m1!1s0x3404010064287741:0xb961fe53bae4536b
The Captain's Fish & Chips Bar (AIRSIDE),,Western,,Kai Tak,,,,,,,,,,,,,https://www.google.com/maps/place/The+Captain's+Fish+%26+Chips+Bar+(AIRSIDE)/data=!4m2!3m1!1s0x340407001dba2ed5:0xbb0529570eee3fa5
Hop Yik Tai,,temp,,temp,,,,,,,,,,,,,https://www.google.com/maps/place/Hop+Yik+Tai/data=!4m2!3m1!1s0x340400b37af466a3:0x3e9ed02065c1365
Hop Yik Lau,,temp,,temp,,,,,,,,,,,,,https://www.google.com/maps/place/Hop+Yik+Lau/data=!4m2!3m1!1s0x34040597e1d427bd:0xc9d38836edf28192
Mui Kee Cookfood Stall,,Chinese; 大排檔,,temp,,,,,,,,,,,,,https://www.google.com/maps/place/Mui+Kee+Cookfood+Stall/data=!4m2!3m1!1s0x340400c6e379b3ed:0xe86be3f1d5c2e954
🍕Sonny's Slice Shop,,Pizza,,temp,,,,,,,,,,,,,https://www.google.com/maps/place/%F0%9F%8D%95Sonny's+Slice+Shop/data=!4m2!3m1!1s0x3404014f63b91103:0x7b2f0d554a75ebe5
Gold Star,,temp,,temp,,,,,,,,,,,,,https://www.google.com/maps/place/Gold+Star/data=!4m2!3m1!1s0x340401cb553d208f:0xe3b8e6de5b5d7f0c
Casa Margo,,temp,,temp,,,,,,,,,,,,,https://www.google.com/maps/place/Casa+Margo/data=!4m2!3m1!1s0x340401d97da95cab:0xadac1701cb3bde04
Kadorar et Levain,,Bakery,,temp,,,,,,,,,,,,,https://www.google.com/maps/place/Kadorar+et+Levain/data=!4m2!3m1!1s0x340400c12936a703:0x9367dd302cec511d
兩姊妹涼皮有限公司（旺角黒布街）,,Chinese,Noodles,Mong Kok,,,,,,,,,,,,,https://www.google.com/maps/place/%E5%85%A9%E5%A7%8A%E5%A6%B9%E6%B6%BC%E7%9A%AE%E6%9C%89%E9%99%90%E5%85%AC%E5%8F%B8%EF%BC%88%E6%97%BA%E8%A7%92%E9%BB%92%E5%B8%83%E8%A1%97%EF%BC%89/data=!4m2!3m1!1s0x3404010d8d98b6c1:0x3401ad7bcbca4626
Hing Kee Restaurant,,temp,,temp,,,,,,,,,,,,,https://www.google.com/maps/place/Hing+Kee+Restaurant/data=!4m2!3m1!1s0x340400c05733e8f3:0x6bd784ed56b0a43e
NED KELLY'S LAST STAND,,Bar,,temp,,,,,,,,,,,,,https://www.google.com/maps/place/NED+KELLY'S+LAST+STAND/data=!4m2!3m1!1s0x340400f2894160d9:0xc1053a04313c4817
汐,,temp,,temp,,,,,,,,,,,,,https://www.google.com/maps/place/%E6%B1%90/data=!4m2!3m1!1s0x340401002cfc5029:0x3c5f48d9dc5bf5b
Lau Haa Hot Pot Restaurant,,Hot pot,,temp,,,,,,,,,,,,,https://www.google.com/maps/place/Lau+Haa+Hot+Pot+Restaurant/data=!4m2!3m1!1s0x340401e9906904bf:0xebe926c26ad3db27
Yakiniku Luigi (Hong Kong),,Japanese; Yakiniku,,temp,,,,,,,,,,,,,https://www.google.com/maps/place/Yakiniku+Luigi+(Hong+Kong)/data=!4m2!3m1!1s0x34040100462461db:0xa622b24c7ace6b7c
The Globe,,temp,,temp,,,,,,,,,,,,,https://www.google.com/maps/place/The+Globe/data=!4m2!3m1!1s0x3404007b759ce0c7:0x6ec115eaf78d5a97
雞駅,,temp,,temp,,,,,,,,,,,,,https://www.google.com/maps/place/%E9%9B%9E%E9%A7%85/data=!4m2!3m1!1s0x3404014af44e0c77:0x90240b9e78cec921
Tong Chong Street Market (TCSM),,temp,,Quarry Bay,,,,,,,,,,,,,https://www.google.com/maps/place/Tong+Chong+Street+Market+(TCSM)/data=!4m2!3m1!1s0x34040173468bab6f:0xd56849c2c625f367
Sukiyaki Nakagawa,,Japanese,,temp,,,,,,,,,,,,,https://www.google.com/maps/place/Sukiyaki+Nakagawa/data=!4m2!3m1!1s0x3404010057b759e1:0x446d19e969b40655
白貓烏冬 SHIRO NEKO UDON,,Japanese; Udon,,temp,,,,,,,,,,,,,https://www.google.com/maps/place/%E7%99%BD%E8%B2%93%E7%83%8F%E5%86%AC+SHIRO+NEKO+UDON/data=!4m2!3m1!1s0x34040195f4bb93d5:0xb82ff72b130c1291
Buff (Sham Shui Po),,temp,,Sham Shui Po,,,,,,,,,,,,,https://www.google.com/maps/place/Buff+(Sham+Shui+Po)/data=!4m2!3m1!1s0x3404017760bd7207:0xe1869b7d22443f45
Flame Japanese Cuisine,,Japanese,,temp,,,,,,,,,,,,,https://www.google.com/maps/place/Flame+Japanese+Cuisine/data=!4m2!3m1!1s0x340400f1e1a37ead:0x61d39c9ffd2f06da
DOZY (Sham Shui Po),,temp,,Sham Shui Po,,,,,,,,,,,,,https://www.google.com/maps/place/DOZY+(Sham+Shui+Po)/data=!4m2!3m1!1s0x340400b415d3a265:0x76821f482ff8bc0c
Wowdon,,temp,,temp,,,,,,,,,,,,,https://www.google.com/maps/place/Wowdon/data=!4m2!3m1!1s0x340401006f7579ad:0x1a5b79a5504f10f5
Viet,,Vietnamese,,temp,,,,,,,,,,,,,https://www.google.com/maps/place/Viet/data=!4m2!3m1!1s0x34040192bbda5139:0x424c85d9ed7fde19
한식짱 JJANG 海陸空 육해공,,Korean,,temp,,,,,,,,,,,,,https://www.google.com/maps/place/%ED%95%9C%EC%8B%9D%EC%A7%B1+JJANG+%E6%B5%B7%E9%99%B8%E7%A9%BA+%EC%9C%A1%ED%95%B4%EA%B3%B5/data=!4m2!3m1!1s0x340401eae39196ab:0x9ad261a1b1278c74
Thonglorhk 銅羅,,Thai,,temp,,,,,,,,,,,,,https://www.google.com/maps/place/Thonglorhk+%E9%8A%85%E7%BE%85/data=!4m2!3m1!1s0x34040788549457ed:0xf23c71304526b404
The Baker & The Bottleman,,Bakery,,temp,,,,,,,,,,,,,https://www.google.com/maps/place/The+Baker+%26+The+Bottleman/data=!4m2!3m1!1s0x3404012980f0494f:0x1ce3978a6d4187be
Oi Man Sang,,temp,,temp,,,,,,,,,,,,,https://www.google.com/maps/place/Oi+Man+Sang/data=!4m2!3m1!1s0x340400b6a90131ad:0x89d323b31d524ac7
廟街小食,,temp,,Yau Ma Tei,,,,,,,,,,,,,https://www.google.com/maps/place/%E5%BB%9F%E8%A1%97%E5%B0%8F%E9%A3%9F/data=!4m2!3m1!1s0x340400c05243023b:0x9cc11d8d2ae4ad7a
Coffee Bunnies,,Cafe,,temp,,,,,,,,,,,,,https://www.google.com/maps/place/Coffee+Bunnies/data=!4m2!3m1!1s0x340401b647d5c8e5:0xf985a6ffea29de27
Kadokawa 角川,,temp,,temp,,,,,,,,,,,,,https://www.google.com/maps/place/Kadokawa+%E8%A7%92%E5%B7%9D/data=!4m2!3m1!1s0x3404013bdc77d563:0x127ae21ca5fddea5
Youshoku Shouten,,Japanese,,temp,,,,,,,,,,,,,https://www.google.com/maps/place/Youshoku+Shouten/data=!4m2!3m1!1s0x3404078701615ba7:0x6e95cc4f547460fb
Schoodles 麵之研究所,,Noodles,,temp,,,,,,,,,,,,,https://www.google.com/maps/place/Schoodles+%E9%BA%B5%E4%B9%8B%E7%A0%94%E7%A9%B6%E6%89%80/data=!4m2!3m1!1s0x34040100675497f3:0x93ee767eb02e6005
Kwan Kee Claypot Rice,,Claypot rice,,temp,,,,,,,,,,,,,https://www.google.com/maps/place/Kwan+Kee+Claypot+Rice/data=!4m2!3m1!1s0x3403ff80972f7f3b:0x7fa82fb56f2deb59
一點心 (太子) One Dim Sum (Prince Edward),,Dim sum,,Prince Edward,,,,,,,,,,,,,https://www.google.com/maps/place/%E4%B8%80%E9%BB%9E%E5%BF%83+(%E5%A4%AA%E5%AD%90)+One+Dim+Sum+(Prince+Edward)/data=!4m2!3m1!1s0x340400c98b993365:0x428cda09a5ae60ea
Jo Jo Indian Cuisine,,Indian,,temp,,,,,,,,,,,,,https://www.google.com/maps/place/Jo+Jo+Indian+Cuisine/data=!4m2!3m1!1s0x3404005da97214f5:0xd2f7b14b3ef94301
YOI Coffee and Bakery,,Bakery; Cafe,,temp,,,,,,,,,,,,,https://www.google.com/maps/place/YOI+Coffee+and+Bakery/data=!4m2!3m1!1s0x34040724d3d8c4bd:0x2150760ca445c50d
鳩砌漢堡 Gau Chai Burger,,Burgers,,temp,,,,,,,,,,,,,https://www.google.com/maps/place/%E9%B3%A9%E7%A0%8C%E6%BC%A2%E5%A0%A1+Gau+Chai+Burger/data=!4m2!3m1!1s0x3404014d9740fbbb:0xd06bc58ac9f4b1c
Antidote,,temp,,temp,,,,,,,,,,,,,https://www.google.com/maps/place/Antidote/data=!4m2!3m1!1s0x340401075c986d33:0x1f033a9601ac4ed5
All Day Chicken Lab,,temp,,temp,,,,,,,,,,,,,https://www.google.com/maps/place/All+Day+Chicken+Lab/data=!4m2!3m1!1s0x340401f68a022827:0x2dfe327459099994
All Day Chicken Lab,,temp,,temp,,,,,,,,,,,,,https://www.google.com/maps/place/All+Day+Chicken+Lab/data=!4m2!3m1!1s0x340401d1132c61d3:0x37bf8ab7a34cd12
FABLE,,temp,,temp,,,,,,,,,,,,,https://www.google.com/maps/place/FABLE/data=!4m2!3m1!1s0x340401ef77283e29:0xffd2ac6add17b861
The Optimist,,temp,,temp,,,,,,,,,,,,,https://www.google.com/maps/place/The+Optimist/data=!4m2!3m1!1s0x3404005bb02bc945:0xc38afedefee8f3b6
FAT J Char Siu,,Char siu,,temp,,,,,,,,,,,,,https://www.google.com/maps/place/FAT+J+Char+Siu/data=!4m2!3m1!1s0x34040100725033d1:0xa79df24056d965f0
Mini Bangkok Seafood & Grill,,Thai; Seafood,,temp,,,,,,,,,,,,,https://www.google.com/maps/place/Mini+Bangkok+Seafood+%26+Grill/data=!4m2!3m1!1s0x340400d52e3760b3:0xb1cb6ba2b6c58c97
爆辣冷麵,,Noodles,,temp,,,,,,,,,,,,,https://www.google.com/maps/place/%E7%88%86%E8%BE%A3%E5%86%B7%E9%BA%B5/data=!4m2!3m1!1s0x3403f16221f6626f:0xf93d9af76438af9c
Bolton Cafe,,Cafe,,temp,,,,,,,,,,,,,https://www.google.com/maps/place/Bolton+Cafe/data=!4m2!3m1!1s0x340401003ae3fd87:0x49345f0ff83cf4c6
Young Dabang 青年大邦 (New Town Plaza Phase 1),,temp,,Sha Tin,,,,,,,,,,,,,https://www.google.com/maps/place/Young+Dabang+%E9%9D%92%E5%B9%B4%E5%A4%A7%E9%82%A6+(New+Town+Plaza+Phase+1)/data=!4m2!3m1!1s0x3404078844a4cb77:0x61d1b1be0fd0e049
SOL Restaurant,,temp,,temp,,,,,,,,,,,,,https://www.google.com/maps/place/SOL+Restaurant/data=!4m2!3m1!1s0x340401512b0b9d2f:0x21d787088ca97676
Locanda dell' Angelo hong kong,,Italian,,temp,,,,,,,,,,,,,https://www.google.com/maps/place/Locanda+dell'+Angelo+hong+kong/data=!4m2!3m1!1s0x3404004c24c20dd7:0x9600586b31140f5e
Aster by poppy,,temp,,temp,,,,,,,,,,,,,https://www.google.com/maps/place/Aster+by+poppy/data=!4m2!3m1!1s0x340401c5db242981:0xfcee9d3c3969b1da
Seoul Noodles (Tsim Sha Tsui),,Korean; Noodles,,Tsim Sha Tsui,,,,,,,,,,,,,https://www.google.com/maps/place/Seoul+Noodles+(Tsim+Sha+Tsui)/data=!4m2!3m1!1s0x34040100109d6b2b:0x52ef2ea9447171bc
Seoul Noodles (Causeway Bay),,Korean; Noodles,,Causeway Bay,,,,,,,,,,,,,https://www.google.com/maps/place/Seoul+Noodles+(Causeway+Bay)/data=!4m2!3m1!1s0x340401352fdc665d:0xfd9d7346b6aeae52
Uni.kotomo,,temp,,temp,,,,,,,,,,,,,https://www.google.com/maps/place/Uni.kotomo/data=!4m2!3m1!1s0x340407ac4cf63c0b:0x697f91ebc3e38ce7
Jang Dok Korean Restaurant,,Korean,,temp,,,,,,,,,,,,,https://www.google.com/maps/place/Jang+Dok+Korean+Restaurant/data=!4m2!3m1!1s0x340400eba3cca281:0x3eddba0403fbc998
SOBAN,,temp,,temp,,,,,,,,,,,,,https://www.google.com/maps/place/SOBAN/data=!4m2!3m1!1s0x3404011d9f7ec277:0x690a45d1ad5ed128
passione.panini,,Sandwich,,temp,,,,,,,,,,,,,https://www.google.com/maps/place/passione.panini/data=!4m2!3m1!1s0x3404016477989d9b:0x27da3e294ade207e
An Choi in HK,,Vietnamese,,temp,,,,,,,,,,,,,https://www.google.com/maps/place/An+Choi+in+HK/data=!4m2!3m1!1s0x340401a5d2824387:0x2eaab395483342b3
SOI 29 CHEF KEY (WAN CHAI),,Thai,,Wan Chai,,,,,,,,,,,,,https://www.google.com/maps/place/SOI+29+CHEF+KEY+(WAN+CHAI)/data=!4m2!3m1!1s0x3404014ac775114f:0x866967f37942f48a
Siam 28,,Thai,,temp,,,,,,,,,,,,,https://www.google.com/maps/place/Siam+28/data=!4m2!3m1!1s0x34040056ea15f149:0xe0c457ace3929dbd
Yuk Kin Fast Food,,Fast food,,temp,,,,,,,,,,,,,https://www.google.com/maps/place/Yuk+Kin+Fast+Food/data=!4m2!3m1!1s0x340400794b620d59:0xbd48fe145f94a92
Chow Kee Sauces,,temp,,temp,,,,,,,,,,,,,https://www.google.com/maps/place/Chow+Kee+Sauces/data=!4m2!3m1!1s0x340407522072daff:0x31b0f063cdfa6903
SSAL BORI SSAL,,Korean,,temp,,,,,,,,,,,,,https://www.google.com/maps/place/SSAL+BORI+SSAL/data=!4m2!3m1!1s0x340400eecef40001:0x5ae672784f472ad4
Miching Omurice Co.,,Japanese,,temp,,,,,,,,,,,,,https://www.google.com/maps/place/Miching+Omurice+Co./data=!4m2!3m1!1s0x3404079696a8439f:0x430e48b5585fedb5
流記艇仔粉,,Noodles,,temp,,,,,,,,,,,,,https://www.google.com/maps/place/%E6%B5%81%E8%A8%98%E8%89%87%E4%BB%94%E7%B2%89/data=!4m2!3m1!1s0x3404001e53b12901:0xb8b2e3d47c269625
食記,,temp,,temp,,,,,,,,,,,,,https://www.google.com/maps/place/%E9%A3%9F%E8%A8%98/data=!4m2!3m1!1s0x34040002a960b54d:0x4706099c7398b6db
Ho Mei Take-Away,,temp,,temp,,,,,,,,,,,,,https://www.google.com/maps/place/Ho+Mei+Take-Away/data=!4m2!3m1!1s0x340400ebeba20c97:0x7947bcb47e1d82ae
Chill Pill HK,,temp,,temp,,,,,,,,,,,,,https://www.google.com/maps/place/Chill+Pill+HK/data=!4m2!3m1!1s0x3404015e8ac66337:0xfb9abe2faa3670ab
Soi 29 CHEF KEY,,Thai,,temp,,,,,,,,,,,,,https://www.google.com/maps/place/Soi+29+CHEF+KEY/data=!4m2!3m1!1s0x3404013f8d7e1fc5:0x9b9b9912d0e4b6a6
陳儀興滷水鵝專門店,,Roast goose,,temp,,,,,,,,,,,,,https://www.google.com/maps/place/%E9%99%B3%E5%84%80%E8%88%88%E6%BB%B7%E6%B0%B4%E9%B5%9D%E5%B0%88%E9%96%80%E5%BA%97/data=!4m2!3m1!1s0x3404072f00bb51c1:0xa968c3f61d8bd0f8
Yat Lok Restaurant (Central),,temp,,Central,,,,,,,,,,,,,https://www.google.com/maps/place/Yat+Lok+Restaurant+(Central)/data=!4m2!3m1!1s0x3404007b4e4fee6d:0x9b800a34de87ebd5
Fiata Pizza,,Pizza,,temp,,,,,,,,,,,,,https://www.google.com/maps/place/Fiata+Pizza/data=!4m2!3m1!1s0x34040168ecc2d03b:0x214a611dc10b552e
Sun King Yuen Curry Restaurant,,Curry,,temp,,,,,,,,,,,,,https://www.google.com/maps/place/Sun+King+Yuen+Curry+Restaurant/data=!4m2!3m1!1s0x3404005ca52615bb:0xfd990400e92e0534
Danji Hong Kong,,temp,,temp,,,,,,,,,,,,,https://www.google.com/maps/place/Danji+Hong+Kong/data=!4m2!3m1!1s0x340401ef9c51d007:0xc022e4e06f5518cf
Samsen (Wan Chai),,Thai,,Wan Chai,,,,,,,,,,,,,https://www.google.com/maps/place/Samsen+(Wan+Chai)/data=!4m2!3m1!1s0x34040044a8b482bd:0x5f742a2eba372302
Banh Mi Nem,,Vietnamese; Sandwich,,temp,,,,,,,,,,,,,https://www.google.com/maps/place/Banh+Mi+Nem/data=!4m2!3m1!1s0x3404010077680d95:0x26e9d0a63efa7c5a
King Of Soybeans,,temp,,temp,,,,,,,,,,,,,https://www.google.com/maps/place/King+Of+Soybeans/data=!4m2!3m1!1s0x340406d735887a05:0xd4f38fa058d24062
英記美點小食,,temp,,temp,,,,,,,,,,,,,https://www.google.com/maps/place/%E8%8B%B1%E8%A8%98%E7%BE%8E%E9%BB%9E%E5%B0%8F%E9%A3%9F/data=!4m2!3m1!1s0x3404070044bd2427:0xfa742d608b19d4ea
滿恩廚房,,Chinese,,Kwun Tong,,Healthy,,,,,,,,,,,
大快活,,Chinese,,,,Healthy; Gym,,,,,,,,,,,
麥當勞 (萬廸廣場店),,,,San Po Kong,,Gym,,,,,,,,,,,
Sukiya (San Po Kong),,Japanese,,San Po Kong,,Gym,,,,,,,,,,,
慢 Maan6,,,,,,,,,,,,,,,,,https://www.google.com/maps/place/%E6%85%A2+Maan6/data=!4m2!3m1!1s0x340401d79268e2a9:0x5d90a466de0b4463	
kōen,,Coffee,,,,,,,,,,,,,,https://www.google.com/maps/place/k%C5%8Den/data=!4m2!3m1!1s0x3404014d56eb4e59:0x4715c540cc7b0351,
QUAD Coffee Club,,Coffee,,,,,,,,,,,,,,https://www.google.com/maps/place/QUAD+Coffee+Club/data=!4m2!3m1!1s0x340407813593e2cd:0x2dcc9729bcd4291c,
離火咖啡研究所 Quench Coffee Labo,,Coffee,,,,,,,,,,,,,,https://www.google.com/maps/place/%E9%9B%A2%E7%81%AB%E5%92%96%E5%95%A1%E7%A0%94%E7%A9%B6%E6%89%80+Quench+Coffee+Labo/data=!4m2!3m1!1s0x340401a282db02bf:0x2cbf12bce88ca8d8,
生昌焙豆 (九龍灣),,Coffee,,,,,,,,,,,,,,https://www.google.com/maps/place/%E7%94%9F%E6%98%8C%E7%84%99%E8%B1%86+(%E4%B9%9D%E9%BE%8D%E7%81%A3)/data=!4m2!3m1!1s0x340401001111286b:0xa7961547abc374b2,
E N,,Coffee,,,,,,,,,,,,,,https://www.google.com/maps/place/E+N/data=!4m2!3m1!1s0x340401b6c88dbab9:0x983c35bdf0bd8fe1,
WING’S COFFEE & BAR,,Coffee,,,,,,,,,,,,,,https://www.google.com/maps/place/WING%E2%80%99S+COFFEE+%26+BAR/data=!4m2!3m1!1s0x3403f9007bbfdceb:0xcf25dfbe95ea5001,
Dear Neighbour Coffee,,Coffee,,,,,,,,,,,,,,https://www.google.com/maps/place/Dear+Neighbour+Coffee/data=!4m2!3m1!1s0x3403ff84416e88f5:0x7ac5d919b8d676fe,
隱啡 Hidden Coffee & Roaster (佐敦）,,Coffee,,,,,,,,,,,,,,https://www.google.com/maps/place/%E9%9A%B1%E5%95%A1+Hidden+Coffee+%26+Roaster+(%E4%BD%90%E6%95%A6%EF%BC%89/data=!4m2!3m1!1s0x34040163435f41df:0xcc56d77f5f2dcdaa,
綻 Zaan6,,Coffee,,,,,,,,,,,,,,https://www.google.com/maps/place/%E7%B6%BB+Zaan6/data=!4m2!3m1!1s0x3404016cb50d7cd1:0xa08d0fcec5a09b8b,
Apt. Coffee Wanchai,,Coffee,,,,,,,,,,,,,,https://www.google.com/maps/place/Apt.+Coffee+Wanchai/data=!4m2!3m1!1s0x340401598e59342b:0x6b78725db0d11b77,
Sheer Coffee,,Coffee,,,,,,,,,,,,,,https://www.google.com/maps/place/Sheer+Coffee/data=!4m2!3m1!1s0x340401f5778783af:0x3f3670dc6c4c7ac6,
Marouf & Puff Bake,,Coffee,,,,,,,,,,,,,,https://www.google.com/maps/place/Marouf+%26+Puff+Bake/data=!4m2!3m1!1s0x340401bac65705e9:0x71cb50f844dd137b,
香り Kaōri,,Coffee,,,,,,,,,,,,,,https://www.google.com/maps/place/%E9%A6%99%E3%82%8A+Ka%C5%8Dri/data=!4m2!3m1!1s0x34040169ae8eba97:0x2174ebbf4f94583e,
Joint,,Coffee,,,,,,,,,,,,,,https://www.google.com/maps/place/Joint/data=!4m2!3m1!1s0x3403ff9a729e8fe3:0x1e1daa6d8d58cb27,
BLACK COFFEE by HeySoNuts,,Coffee,,,,,,,,,,,,,,https://www.google.com/maps/place/BLACK+COFFEE+by+HeySoNuts/data=!4m2!3m1!1s0x3404014e4d3fe487:0xc4c91b76b2f762d9,
Blossom,,Coffee,,,,,,,,,,,,,,https://www.google.com/maps/place/Blossom/data=!4m2!3m1!1s0x3404014a9e770d47:0x85b2d0f0f83b4e54,
Nook Coffee,,Coffee,,,,,,,,,,,,,,https://www.google.com/maps/place/Nook+Coffee/data=!4m2!3m1!1s0x3404015aae406033:0x7c454f549392da0c,
Lazy Sunday,,Coffee,,,,,,,,,,,,,,https://www.google.com/maps/place/Lazy+Sunday/data=!4m2!3m1!1s0x3404016355fbec0d:0x325dd7259f4ff409,
Haus Coffee Club,,Coffee,,,,,,,,,,,,,,https://www.google.com/maps/place/Haus+Coffee+Club/data=!4m2!3m1!1s0x3404016e84a35f13:0xb793b880902c65a6,
TheLob,,Coffee,,,,,,,,,,,,,,https://www.google.com/maps/place/TheLob/data=!4m2!3m1!1s0x3404017e215724e1:0x565f93dfdcaf74d2,
Moonary Coffee,,Coffee,,,,,,,,,,,,,,https://www.google.com/maps/place/Moonary+Coffee/data=!4m2!3m1!1s0x340401cff70f33f5:0x93c5e9cd1decb30e,
OMA Specialty Coffee,,Coffee,,,,,,,,,,,,,,https://www.google.com/maps/place/OMA+Specialty+Coffee/data=!4m2!3m1!1s0x34040163ec82278b:0x35a4978214662b1e,
Petizen Sheung Wan,,Coffee,,,,,,,,,,,,,,https://www.google.com/maps/place/Petizen+Sheung+Wan/data=!4m2!3m1!1s0x340401630e20776b:0x6e419e28dde231a7,
FINEPRINT (Wan Chai),,Coffee,,,,,,,,,,,,,,https://www.google.com/maps/place/FINEPRINT+(Wan+Chai)/data=!4m2!3m1!1s0x340401e788b52721:0x69f278e7622ff698,
Blend & Grind Starstreet,,Coffee,,,,,,,,,,,,,,https://www.google.com/maps/place/Blend+%26+Grind+Starstreet/data=!4m2!3m1!1s0x3404005d44d0c3c3:0x343b66658c683c7c,
Sang Roastery,,Coffee,,,,,,,,,,,,,,https://www.google.com/maps/place/Sang+Roastery/data=!4m2!3m1!1s0x340401cc7d0846c7:0x35cd90ca55feca84,
BLTN Coffee,,Coffee,,,,,,,,,,,,,,https://www.google.com/maps/place/BLTN+Coffee/data=!4m2!3m1!1s0x340401bb98eee1f9:0x65312cfbac57478a,
Goodin' Out Coffee,,Coffee,,,,,,,,,,,,,,https://www.google.com/maps/place/Goodin'+Out+Coffee/data=!4m2!3m1!1s0x34040184ad25c487:0x806fd8dc8feb7f64,
MOMOKAWA,,Coffee,,,,,,,,,,,,,,https://www.google.com/maps/place/MOMOKAWA/data=!4m2!3m1!1s0x34017b2525540aa3:0xe304cc0b3cb2f620,
Hazel & Hershey Coffee Roasters,,Coffee,,,,,,,,,,,,,,https://www.google.com/maps/place/Hazel+%26+Hershey+Coffee+Roasters/data=!4m2!3m1!1s0x3404007bbc82025b:0x385088c6bd1c2fb9,
Knockbox Coffee Company,,Coffee,,,,,,,,,,,,,,https://www.google.com/maps/place/Knockbox+Coffee+Company/data=!4m2!3m1!1s0x34040160a4380f67:0x3f65edcd4aac628,
Wooo Coffee,,Coffee,,,,,,,,,,,,,,https://www.google.com/maps/place/Wooo+Coffee/data=!4m2!3m1!1s0x34040131011892ab:0xffc01be7457d7fc4,
Fuel Espresso Landmark Men,,Coffee,,,,,,,,,,,,,,https://www.google.com/maps/place/Fuel+Espresso+Landmark+Men/data=!4m2!3m1!1s0x34040064eebfda95:0x6b0a1f50773b8407,
"Coffeelin (LHT, Central)",,Coffee,,,,,,,,,,,,,,"https://www.google.com/maps/place/Coffeelin+(LHT,+Central)/data=!4m2!3m1!1s0x3404013e2ee0c671:0x2544048fe71be862",
Coffeer,,Coffee,,,,,,,,,,,,,,https://www.google.com/maps/place/Coffeer/data=!4m2!3m1!1s0x340401b8fb101733:0x8fe7deb3cfa6ecaa,
Accro Coffee,,Coffee,,,,,,,,,,,,,,https://www.google.com/maps/place/Accro+Coffee/data=!4m2!3m1!1s0x13ff52660690acf7:0x7aff06f0b4733aa4,
Find The Way,,Coffee,,,,,,,,,,,,,,https://www.google.com/maps/place/Find+The+Way/data=!4m2!3m1!1s0x3403f187857cab8f:0xd4e829e91bfd011d,
Elephant Grounds (Hysan Place),,Coffee,,,,,,,,,,,,,,https://www.google.com/maps/place/Elephant+Grounds+(Hysan+Place)/data=!4m2!3m1!1s0x34040160dd72a439:0xcb53bbc1c0b2cc18,
Blue Bottle Coffee (Lyndhurst Terrace),,Coffee,,,,,,,,,,,,,,https://www.google.com/maps/place/Blue+Bottle+Coffee+(Lyndhurst+Terrace)/data=!4m2!3m1!1s0x3404012dd8d80135:0x3758de13e9ba0d05,
Common Man Coffee Roasters - Hong Kong,,Coffee,,,,,,,,,,,,,,https://www.google.com/maps/place/Common+Man+Coffee+Roasters+-+Hong+Kong/data=!4m2!3m1!1s0x3404013efbcd9893:0xe4839fdb3f3fa0e7,
Uncle Ben Coffee,,Coffee,,,,,,,,,,,,,,https://www.google.com/maps/place/Uncle+Ben+Coffee/data=!4m2!3m1!1s0x34040170af69db11:0xcac49df84444dd00,
Urban Coffee Roaster (將軍澳店),,Coffee,,,,,,,,,,,,,,https://www.google.com/maps/place/Urban+Coffee+Roaster+(%E5%B0%87%E8%BB%8D%E6%BE%B3%E5%BA%97)/data=!4m2!3m1!1s0x340403ae625c6b23:0x5387aa640186d7da,
Free D Coffee （觀塘）,,Coffee,,,,,,,,,,,,,,https://www.google.com/maps/place/Free+D+Coffee+%EF%BC%88%E8%A7%80%E5%A1%98%EF%BC%89/data=!4m2!3m1!1s0x34040129642bf2e3:0xf301b9064fbaa643,
Milligram Coffee,,Coffee,,,,,,,,,,,,,,https://www.google.com/maps/place/Milligram+Coffee/data=!4m2!3m1!1s0x340401ea30cee339:0xcf4c8ae8319ee2aa,
KACTUS KOFFEE,,Coffee,,,,,,,,,,,,,,https://www.google.com/maps/place/KACTUS+KOFFEE/data=!4m2!3m1!1s0x340401323ea3ff0f:0xba6012d91ca8a80e,
hara kako (Sheung Wan),,Coffee,,,,,,,,,,,,,,https://www.google.com/maps/place/hara+kako+(Sheung+Wan)/data=!4m2!3m1!1s0x3404017efe78cc49:0x66add9b61398c9c6,
Halfway Coffee,,Coffee,,,,,,,,,,,,,,https://www.google.com/maps/place/Halfway+Coffee/data=!4m2!3m1!1s0x3404007ea4210001:0x82d0f3c681b9d027,
Craft Coffee Roaster (Wanchai),,Coffee,,,,,,,,,,,,,,https://www.google.com/maps/place/Craft+Coffee+Roaster+(Wanchai)/data=!4m2!3m1!1s0x3404010c234f7421:0x965faae0ee19e868,
The Coffee Journal,,Coffee,,,,,,,,,,,,,,https://www.google.com/maps/place/The+Coffee+Journal/data=!4m2!3m1!1s0x3404017069e5a08d:0xa964d02972fc1426,
Halfway Coffee (Mong Kok),,Coffee,,,,,,,,,,,,,,https://www.google.com/maps/place/Halfway+Coffee+(Mong+Kok)/data=!4m2!3m1!1s0x340400b8a4844ac5:0x6428515d99c422ee,
Kactus Koffee,,Coffee,,,,,,,,,,,,,,https://www.google.com/maps/place/Kactus+Koffee/data=!4m2!3m1!1s0x340401d4bf846add:0x9cd9bcb01ebf35ca,
Goodin’ Out Coffee (Wan Chai),,Coffee,,,,,,,,,,,,,,https://www.google.com/maps/place/Goodin%E2%80%99+Out+Coffee+(Wan+Chai)/data=!4m2!3m1!1s0x340401b4811c6e3d:0x3da5eab3b60f0282,
Rootdown,,Coffee,,,,,,,,,,,,,,https://www.google.com/maps/place/Rootdown/data=!4m2!3m1!1s0x3403ff33e0f12fd5:0xc072a14490ff9a69,
Overlap Coffee,,Coffee,,,,,,,,,,,,,,https://www.google.com/maps/place/Overlap+Coffee/data=!4m2!3m1!1s0x3403f1210747d5cf:0xeaf9586b1c2cd068,
Mason Pocket,,Coffee,,,,,,,,,,,,,,https://www.google.com/maps/place/Mason+Pocket/data=!4m2!3m1!1s0x3404017e35e29bed:0x8a8fd4e5e46f785b,
Cozy Cream Corner,,Coffee,,,,,,,,,,,,,,https://www.google.com/maps/place/Cozy+Cream+Corner/data=!4m2!3m1!1s0x34040122b7fbc1b3:0x11d9bc2ca0e2c174,
Tuned Coffee & Roastery,,Coffee,,,,,,,,,,,,,,https://www.google.com/maps/place/Tuned+Coffee+%26+Roastery/data=!4m2!3m1!1s0x340401c2784256fb:0xb2059beb6e894938,
Black Sugar Coffee & Lifestyle,,Coffee,,,,,,,,,,,,,,https://www.google.com/maps/place/Black+Sugar+Coffee+%26+Lifestyle/data=!4m2!3m1!1s0x340401bb3b42cab7:0xd3eee094cb3d970e,
Three By One Coffee Roastery (Baker Circle),,Coffee,,,,,,,,,,,,,,https://www.google.com/maps/place/Three+By+One+Coffee+Roastery+(Baker+Circle)/data=!4m2!3m1!1s0x34040154a83a4a5d:0xc1af9a89040e6d5d,
n.o.t. Specialty Coffee (Hysan Place),,Coffee,,,,,,,,,,,,,,https://www.google.com/maps/place/n.o.t.+Specialty+Coffee+(Hysan+Place)/data=!4m2!3m1!1s0x34040136bf451acd:0xb424ca12ae2516e9,
Roommate,,Coffee,,,,,,,,,,,,,,https://www.google.com/maps/place/Roommate/data=!4m2!3m1!1s0x340407972c3b0e17:0x728c9f6718d01b81,
ideaology,,Coffee,,,,,,,,,,,,,,https://www.google.com/maps/place/ideaology/data=!4m2!3m1!1s0x3404070059712503:0x3cab3134aeeaa8ed,
Crew,,Coffee,,,,,,,,,,,,,,https://www.google.com/maps/place/Crew/data=!4m2!3m1!1s0x34040164c14a69e7:0x776307f786a45f6b,
RETRO,,Coffee,,,,,,,,,,,,,,https://www.google.com/maps/place/RETRO/data=!4m2!3m1!1s0x340401381157e307:0x8b506ca5056bf862,
Number 9 Coffee,,Coffee,,,,,,,,,,,,,,https://www.google.com/maps/place/Number+9+Coffee/data=!4m2!3m1!1s0x3404010b2536f28f:0xec0f502c1f9cfbeb,
Coffee Cake Marathon by Flower To Gather,,Coffee,,,,,,,,,,,,,,https://www.google.com/maps/place/Coffee+Cake+Marathon+by+Flower+To+Gather/data=!4m2!3m1!1s0x34040103ed85be71:0xb684dd7af3e958a1,
ARTISTA PERFETTO (Causeway Bay),,Coffee,,,,,,,,,,,,,,https://www.google.com/maps/place/ARTISTA+PERFETTO+(Causeway+Bay)/data=!4m2!3m1!1s0x3404018cd19fa313:0x1efcf2377e6a572f,
18 Grams Speciality Coffee,,Coffee,,,,,,,,,,,,,,https://www.google.com/maps/place/18+Grams+Speciality+Coffee/data=!4m2!3m1!1s0x34040056f7fae5a9:0x70940d4000623a1d,
Lungo,,Coffee,,,,,,,,,,,,,,https://www.google.com/maps/place/Lungo/data=!4m2!3m1!1s0x3404010069be1dbd:0xb9a93a9ad2a06934,
Knockbox Coffee Company,,Coffee,,,,,,,,,,,,,,https://www.google.com/maps/place/Knockbox+Coffee+Company/data=!4m2!3m1!1s0x340400c665fe54df:0xdeb19f2968c2abb5,
Pause It (Mong Kok),,Coffee,,,,,,,,,,,,,,https://www.google.com/maps/place/Pause+It+(Mong+Kok)/data=!4m2!3m1!1s0x340400c669035007:0x62ebb644f083c6c1,
Caflex by the coffeeology,,Coffee,,,,,,,,,,,,,,https://www.google.com/maps/place/Caflex+by+the+coffeeology/data=!4m2!3m1!1s0x3404017d06cfa57f:0x4f022874c292d9e1,
Sushi Tachi,,Japanese,Sushi,Tsim Sha Tsui,,Poly,,,,,,,,,,https://www.google.com/maps/place/Sushi+Tachi/data=!4m2!3m1!1s0x340400ee7a7bd8a7:0x945cc3a2d37e021a	,